{"cameraMode":{"drawMode":0,"name":"Shaded","section":"Shading Mode"},"sceneLighting":true,"audioPlay":false,"sceneViewState":{"m_AlwaysRefresh":false,"showFog":true,"showSkybox":true,"showFlares":true,"showImageEffects":true,"showParticleSystems":true,"showVisualEffectGraphs":true,"m_FxEnabled":true},"in2DMode":false,"pivot":{"x":0.18668437004089356,"y":0.5386793613433838,"z":2.729525327682495},"rotation":{"x":0.12449052184820175,"y":0.004775485955178738,"z":-0.00047629731125198305,"w":0.9922588467597961},"size":5.430611610412598,"orthographic":false}