{"cameraMode":{"drawMode":0,"name":"Shaded","section":"Shading Mode"},"sceneLighting":true,"audioPlay":false,"sceneViewState":{"m_AlwaysRefresh":false,"showFog":true,"showSkybox":true,"showFlares":true,"showImageEffects":true,"showParticleSystems":true,"showVisualEffectGraphs":true,"m_FxEnabled":true},"in2DMode":false,"pivot":{"x":-0.16964685916900636,"y":-0.4380474090576172,"z":-6.765389919281006},"rotation":{"x":0.6819106936454773,"y":-0.0030110173393040897,"z":0.0029191183857619764,"w":0.731529176235199},"size":4.544259071350098,"orthographic":false}