{"cameraMode":{"drawMode":0,"name":"Shaded","section":"Shading Mode"},"sceneLighting":true,"audioPlay":false,"sceneViewState":{"m_AlwaysRefresh":false,"showFog":true,"showSkybox":true,"showFlares":true,"showImageEffects":true,"showParticleSystems":true,"showVisualEffectGraphs":true,"m_FxEnabled":true},"in2DMode":false,"pivot":{"x":1.7312973737716675,"y":3.718244791030884,"z":-9.151362419128418},"rotation":{"x":0.10884658992290497,"y":-0.6276898980140686,"z":0.08938728272914887,"w":0.7656815052032471},"size":11.239201545715332,"orthographic":false}