{"cameraMode":{"drawMode":0,"name":"Shaded","section":"Shading Mode"},"sceneLighting":true,"audioPlay":false,"sceneViewState":{"m_AlwaysRefresh":false,"showFog":true,"showSkybox":true,"showFlares":true,"showImageEffects":true,"showParticleSystems":true,"showVisualEffectGraphs":true,"m_FxEnabled":true},"in2DMode":false,"pivot":{"x":0.5121974349021912,"y":1.440032958984375,"z":14.177810668945313},"rotation":{"x":0.11257001012563706,"y":0.010734486393630505,"z":-0.0012580807087942958,"w":0.9936528205871582},"size":21.989248275756837,"orthographic":false}